{"autoTags":[{"value":"red","confidence":0.7257373332977295,"isCustom":false},{"value":"3d","confidence":0.7206894159317017,"isCustom":false},{"value":"sale","confidence":0.6893448829650879,"isCustom":false},{"value":"sign","confidence":0.6765230298042297,"isCustom":false},{"value":"background","confidence":0.6689505577087402,"isCustom":false},{"value":"white","confidence":0.6312196254730225,"isCustom":false},{"value":"symbol","confidence":0.6289212703704834,"isCustom":false},{"value":"year","confidence":0.6110059022903442,"isCustom":false},{"value":"icon","confidence":0.6078944206237793,"isCustom":false},{"value":"celebration","confidence":0.6070642471313477,"isCustom":false},{"value":"business","confidence":0.6064168810844421,"isCustom":false},{"value":"holiday","confidence":0.6015884876251221,"isCustom":false},{"value":"2014","confidence":0.5996390581130981,"isCustom":false},{"value":"text","confidence":0.5989202260971069,"isCustom":false},{"value":"buy","confidence":0.5944244861602783,"isCustom":false},{"value":"illustration","confidence":0.5933451652526855,"isCustom":false},{"value":"vector","confidence":0.5887788534164429,"isCustom":false},{"value":"calendar","confidence":0.5868633389472961,"isCustom":false},{"value":"word","confidence":0.5818908214569092,"isCustom":false},{"value":"design","confidence":0.578044593334198,"isCustom":false},{"value":"new","confidence":0.5778669714927673,"isCustom":false},{"value":"christmas","confidence":0.5743119716644287,"isCustom":false},{"value":"concept","confidence":0.5727649927139282,"isCustom":false},{"value":"discount","confidence":0.5651779770851135,"isCustom":false},{"value":"day","confidence":0.5590047836303711,"isCustom":false}]}
