<?xml version="1.0" encoding="UTF-8"?>
<jcr:root xmlns:sling="http://sling.apache.org/jcr/sling/1.0" xmlns:cq="http://www.day.com/jcr/cq/1.0" xmlns:jcr="http://www.jcp.org/jcr/1.0" xmlns:nt="http://www.jcp.org/jcr/nt/1.0"
    jcr:primaryType="nt:unstructured"
    jcr:title="Workfront - Create Task - Step Properties"
    sling:resourceType="cq/gui/components/authoring/dialog">
    <content
        jcr:primaryType="nt:unstructured"
        sling:resourceType="granite/ui/components/coral/foundation/tabs">
        <items jcr:primaryType="nt:unstructured">
            <common
                cq:hideOnEdit="true"
                jcr:primaryType="nt:unstructured"
                jcr:title="Common"
                sling:resourceType="granite/ui/components/coral/foundation/fixedcolumns"/>
            <process
                cq:hideOnEdit="true"
                jcr:primaryType="nt:unstructured"
                jcr:title="Process"
                sling:resourceType="granite/ui/components/coral/foundation/fixedcolumns"/>
            <processcommon
                jcr:primaryType="nt:unstructured"
                jcr:title="Common"
                sling:resourceType="granite/ui/components/coral/foundation/fixedcolumns">
                <items jcr:primaryType="nt:unstructured">
                    <column
                        jcr:primaryType="nt:unstructured"
                        sling:resourceType="granite/ui/components/coral/foundation/container">
                        <items jcr:primaryType="nt:unstructured">
                            <basic
                                jcr:primaryType="nt:unstructured"
                                sling:resourceType="granite/ui/components/coral/foundation/form/fieldset">
                                <items jcr:primaryType="nt:unstructured">
                                    <title
                                        jcr:primaryType="nt:unstructured"
                                        sling:resourceType="granite/ui/components/coral/foundation/form/textfield"
                                        disabled="false"
                                        fieldLabel="Title"
                                        name="./jcr:title"/>
                                    <description
                                        jcr:primaryType="nt:unstructured"
                                        sling:resourceType="granite/ui/components/coral/foundation/form/textarea"
                                        disabled="false"
                                        fieldLabel="Description"
                                        name="./jcr:description"/>
                                </items>
                            </basic>
                            <advanced
                                jcr:primaryType="nt:unstructured"
                                jcr:title="Advanced Settings"
                                sling:resourceType="granite/ui/components/coral/foundation/form/fieldset">
                                <items jcr:primaryType="nt:unstructured">
                                    <advance
                                        jcr:primaryType="nt:unstructured"
                                        sling:resourceType="granite/ui/components/coral/foundation/form/checkbox"
                                        fieldDescription="Check if your handler will advance to the next step."
                                        fieldLabel="Handler Advance"
                                        name="./metaData/PROCESS_AUTO_ADVANCE"
                                        text="Handler Advance"
                                        value="true"/>
                                </items>
                            </advanced>
                        </items>
                    </column>
                </items>
            </processcommon>
            <processargs
                jcr:primaryType="nt:unstructured"
                jcr:title="Arguments"
                sling:resourceType="granite/ui/components/coral/foundation/fixedcolumns">
                <items jcr:primaryType="nt:unstructured">
                    <column
                        jcr:primaryType="nt:unstructured"
                        sling:resourceType="granite/ui/components/coral/foundation/container">
                        <items jcr:primaryType="nt:unstructured">
                            <arguments
                                jcr:primaryType="nt:unstructured"
                                jcr:title="Process Arguments"
                                sling:resourceType="granite/ui/components/coral/foundation/form/fieldset">
                                <items jcr:primaryType="nt:unstructured">
                                    <id-property
                                        jcr:primaryType="nt:unstructured"
                                        sling:resourceType="granite/ui/components/coral/foundation/form/textfield"
                                        disabled="false"
                                        fieldLabel="Project ID Property"
                                        name="./metaData/project-id-property"
                                        required="{Boolean}true"/>
                                    <parent-task
                                        jcr:primaryType="nt:unstructured"
                                        sling:resourceType="granite/ui/components/coral/foundation/form/textfield"
                                        disabled="false"
                                        fieldDescription="Value is interpreted as AEMPropertyReference|LiteralValue. Examples: ./jcr:content/parenttaskname &quot;Literal String Value&quot;"
                                        fieldLabel="Parent Task Name"
                                        name="./metaData/parent-task-name"/>
                                    <task-write-back
                                        jcr:primaryType="nt:unstructured"
                                        sling:resourceType="granite/ui/components/coral/foundation/form/textfield"
                                        disabled="false"
                                        fieldDescription="Value is interpreted as AEMPropertyReference. Example: ./jcr:content/wfTaskId"
                                        fieldLabel="Task ID Write Back Path"
                                        name="./metaData/task-write-back"/>
                                    <custom-forms
                                        jcr:primaryType="nt:unstructured"
                                        sling:resourceType="granite/ui/components/coral/foundation/form/multifield"
                                        fieldDescription="Add any custom forms"
                                        fieldLabel="Custom Forms">
                                        <field
                                            jcr:primaryType="nt:unstructured"
                                            sling:resourceType="granite/ui/components/coral/foundation/form/select"
                                            name="./metaData/custom-forms">
                                            <datasource
                                                    jcr:primaryType="nt:unstructured"
                                                    sling:resourceType="hoodoo-digital/workfront-tools/tools/components/workflow/taskcustomforms"/>
                                        </field>
                                    </custom-forms>
                                </items>
                            </arguments>
                        </items>
                    </column>
                </items>
            </processargs>
        </items>
    </content>
</jcr:root>
