<?xml version="1.0" encoding="UTF-8"?>
<jcr:root xmlns:jcr="http://www.jcp.org/jcr/1.0" xmlns:nt="http://www.jcp.org/jcr/nt/1.0" xmlns:sling="http://sling.apache.org/jcr/sling/1.0" xmlns:cq="http://www.day.com/jcr/cq/1.0"
    jcr:primaryType="nt:unstructured">
    <persistentQueries jcr:primaryType="nt:unstructured">
        <gql-demo-screen-v1/>
        <gql-demo-adventure-v1/>
        <native-app-adventure/>
        <native-app-adventures/>
        <native-app-home/>
        <gql-demo-configuration/>
        <gql-demo-navigation/>
        <gql-demo-screen-v2/>
        <gql-demo-adventure-v2/>
        <gql-demo-teaser/>
        <gql-demo-image-list/>
        <gql-demo-header/>
        <adventures-all/>
        <adventure-by-path/>
        <adventure-by-slug/>
        <adventure-by-price/>
        <adventures-by-activity/>
        <articles-all/>
        <article-by-path/>
        <article-by-author/>
        <article-by-slug/>
        <adventure-pagination
            jcr:created="{Date}2023-09-02T20:16:10.358Z"
            jcr:primaryType="nt:unstructured"
            sling:resourceType="graphql/persistent/query">
            <jcr:content
                cq:isDelivered="{Boolean}true"
                cq:lastReplicated="{Date}2023-09-20T04:00:39.645Z"
                cq:lastReplicated_publish="{Date}2023-09-20T04:00:39.645Z"
                cq:lastReplicatedBy="lamont@adobe.com"
                cq:lastReplicatedBy_publish="lamont@adobe.com"
                cq:lastReplicationAction="Activate"
                cq:lastReplicationAction_publish="Activate"
                jcr:data="{Binary}\0"
                jcr:lastModified="{Date}2023-09-20T04:00:35.251Z"
                jcr:mimeType="text/html"
                jcr:mixinTypes="[cq:ReplicationStatus,cq:ReplicationStatus2]"
                jcr:primaryType="nt:unstructured"
                sling:resourceType="graphql/persistent/query/content"/>
        </adventure-pagination>
        <adventure-by-slug-v2
            jcr:created="{Date}2023-09-20T18:56:37.330Z"
            jcr:primaryType="nt:unstructured"
            sling:resourceType="graphql/persistent/query">
            <jcr:content
                cq:isDelivered="{Boolean}true"
                cq:lastReplicated="{Date}2023-09-20T18:56:45.932Z"
                cq:lastReplicated_publish="{Date}2023-09-20T18:56:45.932Z"
                cq:lastReplicatedBy="lamont@adobe.com"
                cq:lastReplicatedBy_publish="lamont@adobe.com"
                cq:lastReplicationAction="Activate"
                cq:lastReplicationAction_publish="Activate"
                jcr:data="{Binary}\0"
                jcr:mimeType="text/html"
                jcr:mixinTypes="[cq:ReplicationStatus,cq:ReplicationStatus2]"
                jcr:primaryType="nt:unstructured"
                sling:resourceType="graphql/persistent/query/content"/>
        </adventure-by-slug-v2>
    </persistentQueries>
</jcr:root>
