{"dorDataModel":{"children":[{"dorBindRef":"topmostSubform[0].Page1[0].individual[0]"},{"dorBindRef":"topmostSubform[0].Page1[0].countryCitizenship[0]"},{"dorBindRef":"topmostSubform[0].Page1[0].address[0]"},{"dorBindRef":"topmostSubform[0].Page1[0].cityStateZip[0]"},{"dorBindRef":"topmostSubform[0].Page1[0].country[0]"},{"dorBindRef":"topmostSubform[0].Page1[0].mailAddress[0]"},{"dorBindRef":"topmostSubform[0].Page1[0].mailCityStateZip[0]"},{"dorBindRef":"topmostSubform[0].Page1[0].mailCountry[0]"},{"dorBindRef":"topmostSubform[0].Page1[0].taxID[0]"},{"dorBindRef":"topmostSubform[0].Page1[0].foreignTaxID[0]"},{"dorBindRef":"topmostSubform[0].Page1[0].referenceNumbers[0]"},{"dorBindRef":"topmostSubform[0].Page1[0].DOB[0]"},{"dorBindRef":"topmostSubform[0].Page1[0].residence[0]"},{"dorBindRef":"topmostSubform[0].Page1[0].paragraph[0]"},{"dorBindRef":"topmostSubform[0].Page1[0].claimRate[0]"},{"dorBindRef":"topmostSubform[0].Page1[0].incomeType[0]"},{"dorBindRef":"topmostSubform[0].Page1[0].f_17[0]"},{"dorBindRef":"topmostSubform[0].Page1[0].additionalConditions[0]"},{"dorBindRef":"topmostSubform[0].Page1[0].f_19[0]"},{"dorBindRef":"topmostSubform[0].Page1[0].signerName[0]"},{"dorBindRef":"topmostSubform[0].Page1[0].f_22[0]"}]}}