<?xml version="1.0" encoding="UTF-8"?>
<jcr:root xmlns:sling="http://sling.apache.org/jcr/sling/1.0" xmlns:fdm="http://www.adobe.com/aemfd/fdm/1.0" xmlns:jcr="http://www.jcp.org/jcr/1.0" xmlns:nt="http://www.jcp.org/jcr/nt/1.0"
    jcr:primaryType="sling:Folder">
    <jcr:content
        jcr:primaryType="nt:unstructured"
        name="user-prefill"
        rendition.handler.id="fdm.structure"
        title="User Prefill">
        <definitions jcr:primaryType="nt:unstructured">
            <UserDetails
                fdm:binaryEntity="{Boolean}false"
                fdm:bindRef="UserDetails"
                fdm:defaultBinaryEntity="{Boolean}false"
                fdm:genericOperationAllowed="{Boolean}false"
                fdm:rootEntity="{Boolean}true"
                fdm:schemaName="DEFAULT_SCHEMA"
                fdm:source="source1"
                jcr:primaryType="nt:unstructured"
                id="UserDetails"
                name="UserDetails"
                title="Get User Data">
                <links jcr:primaryType="nt:unstructured">
                    <getCurrentUserDetails_1650894424327
                        fdm:source="source1"
                        jcr:primaryType="nt:unstructured"
                        description="Fetches user profile data"
                        genericOperation="{Boolean}false"
                        id="getCurrentUserDetails_1650894424327"
                        method="GET"
                        name="getCurrentUserDetails"
                        rel="self">
                        <fdm:data jcr:primaryType="nt:unstructured"/>
                        <schema
                            fdm:bindRef="schema"
                            fdm:computed="{Boolean}false"
                            fdm:metadataKey="{Boolean}false"
                            fdm:nullable="{Boolean}true"
                            fdm:primaryKey="{Boolean}false"
                            fdm:protected="{Boolean}false"
                            fdm:required="{Boolean}false"
                            jcr:primaryType="nt:unstructured"
                            name="schema">
                            <properties jcr:primaryType="nt:unstructured"/>
                        </schema>
                        <targetSchema
                            fdm:bindRef="UserDetails"
                            fdm:computed="{Boolean}false"
                            fdm:metadataKey="{Boolean}false"
                            fdm:nullable="{Boolean}true"
                            fdm:primaryKey="{Boolean}false"
                            fdm:protected="{Boolean}false"
                            fdm:required="{Boolean}false"
                            jcr:primaryType="nt:unstructured"
                            _x0024_ref="UserDetails"
                            name="UserDetails"
                            title="Get User Data"
                            type="object"/>
                    </getCurrentUserDetails_1650894424327>
                </links>
                <properties jcr:primaryType="nt:unstructured">
                    <profile
                        fdm:bindRef="profile"
                        fdm:computed="{Boolean}false"
                        fdm:metadataKey="{Boolean}false"
                        fdm:nullable="{Boolean}true"
                        fdm:primaryKey="{Boolean}false"
                        fdm:protected="{Boolean}false"
                        fdm:required="{Boolean}false"
                        jcr:primaryType="nt:unstructured"
                        name="profile"
                        title="profile"
                        type="object">
                        <properties jcr:primaryType="nt:unstructured">
                            <familyName
                                fdm:bindRef="familyName"
                                fdm:computed="{Boolean}false"
                                fdm:metadataKey="{Boolean}false"
                                fdm:nullable="{Boolean}true"
                                fdm:primaryKey="{Boolean}false"
                                fdm:protected="{Boolean}false"
                                fdm:required="{Boolean}false"
                                jcr:primaryType="nt:unstructured"
                                name="familyName"
                                title="familyName"
                                type="string"/>
                            <displayName
                                fdm:bindRef="displayName"
                                fdm:computed="{Boolean}false"
                                fdm:metadataKey="{Boolean}false"
                                fdm:nullable="{Boolean}true"
                                fdm:primaryKey="{Boolean}false"
                                fdm:protected="{Boolean}false"
                                fdm:required="{Boolean}false"
                                jcr:primaryType="nt:unstructured"
                                name="displayName"
                                title="displayName"
                                type="string"/>
                            <givenName
                                fdm:bindRef="givenName"
                                fdm:computed="{Boolean}false"
                                fdm:metadataKey="{Boolean}false"
                                fdm:nullable="{Boolean}true"
                                fdm:primaryKey="{Boolean}false"
                                fdm:protected="{Boolean}false"
                                fdm:required="{Boolean}false"
                                jcr:primaryType="nt:unstructured"
                                name="givenName"
                                title="givenName"
                                type="string"/>
                            <middleName
                                fdm:bindRef="middleName"
                                fdm:computed="{Boolean}false"
                                fdm:metadataKey="{Boolean}false"
                                fdm:nullable="{Boolean}true"
                                fdm:primaryKey="{Boolean}false"
                                fdm:protected="{Boolean}false"
                                fdm:required="{Boolean}false"
                                jcr:primaryType="nt:unstructured"
                                name="middleName"
                                title="middleName"
                                type="string"/>
                            <honoricPrefix
                                fdm:bindRef="honoricPrefix"
                                fdm:computed="{Boolean}false"
                                fdm:metadataKey="{Boolean}false"
                                fdm:nullable="{Boolean}true"
                                fdm:primaryKey="{Boolean}false"
                                fdm:protected="{Boolean}false"
                                fdm:required="{Boolean}false"
                                jcr:primaryType="nt:unstructured"
                                name="honoricPrefix"
                                title="honoricPrefix"
                                type="string"/>
                            <honoricSuffix
                                fdm:bindRef="honoricSuffix"
                                fdm:computed="{Boolean}false"
                                fdm:metadataKey="{Boolean}false"
                                fdm:nullable="{Boolean}true"
                                fdm:primaryKey="{Boolean}false"
                                fdm:protected="{Boolean}false"
                                fdm:required="{Boolean}false"
                                jcr:primaryType="nt:unstructured"
                                name="honoricSuffix"
                                title="honoricSuffix"
                                type="string"/>
                            <email
                                fdm:bindRef="email"
                                fdm:computed="{Boolean}false"
                                fdm:metadataKey="{Boolean}false"
                                fdm:nullable="{Boolean}true"
                                fdm:primaryKey="{Boolean}false"
                                fdm:protected="{Boolean}false"
                                fdm:required="{Boolean}false"
                                jcr:primaryType="nt:unstructured"
                                name="email"
                                title="email"
                                type="string"/>
                            <gender
                                fdm:bindRef="gender"
                                fdm:computed="{Boolean}false"
                                fdm:metadataKey="{Boolean}false"
                                fdm:nullable="{Boolean}true"
                                fdm:primaryKey="{Boolean}false"
                                fdm:protected="{Boolean}false"
                                fdm:required="{Boolean}false"
                                jcr:primaryType="nt:unstructured"
                                name="gender"
                                title="gender"
                                type="string"/>
                            <aboutMe
                                fdm:bindRef="aboutMe"
                                fdm:computed="{Boolean}false"
                                fdm:metadataKey="{Boolean}false"
                                fdm:nullable="{Boolean}true"
                                fdm:primaryKey="{Boolean}false"
                                fdm:protected="{Boolean}false"
                                fdm:required="{Boolean}false"
                                jcr:primaryType="nt:unstructured"
                                name="aboutMe"
                                title="aboutMe"
                                type="string"/>
                            <jobTitle
                                fdm:bindRef="jobTitle"
                                fdm:computed="{Boolean}false"
                                fdm:metadataKey="{Boolean}false"
                                fdm:nullable="{Boolean}true"
                                fdm:primaryKey="{Boolean}false"
                                fdm:protected="{Boolean}false"
                                fdm:required="{Boolean}false"
                                jcr:primaryType="nt:unstructured"
                                name="jobTitle"
                                title="jobTitle"
                                type="string"/>
                            <mobile
                                fdm:bindRef="mobile"
                                fdm:computed="{Boolean}false"
                                fdm:metadataKey="{Boolean}false"
                                fdm:nullable="{Boolean}true"
                                fdm:primaryKey="{Boolean}false"
                                fdm:protected="{Boolean}false"
                                fdm:required="{Boolean}false"
                                jcr:primaryType="nt:unstructured"
                                name="mobile"
                                title="mobile"
                                type="string"/>
                            <phoneNumber
                                fdm:bindRef="phoneNumber"
                                fdm:computed="{Boolean}false"
                                fdm:metadataKey="{Boolean}false"
                                fdm:nullable="{Boolean}true"
                                fdm:primaryKey="{Boolean}false"
                                fdm:protected="{Boolean}false"
                                fdm:required="{Boolean}false"
                                jcr:primaryType="nt:unstructured"
                                name="phoneNumber"
                                title="phoneNumber"
                                type="string"/>
                            <photos
                                fdm:bindRef="photos"
                                fdm:computed="{Boolean}false"
                                fdm:metadataKey="{Boolean}false"
                                fdm:nullable="{Boolean}true"
                                fdm:primaryKey="{Boolean}false"
                                fdm:protected="{Boolean}false"
                                fdm:required="{Boolean}false"
                                jcr:primaryType="nt:unstructured"
                                name="photos"
                                title="photos"
                                type="object">
                                <properties jcr:primaryType="nt:unstructured">
                                    <primary
                                        fdm:bindRef="primary"
                                        fdm:computed="{Boolean}false"
                                        fdm:metadataKey="{Boolean}false"
                                        fdm:nullable="{Boolean}true"
                                        fdm:primaryKey="{Boolean}false"
                                        fdm:protected="{Boolean}false"
                                        fdm:required="{Boolean}false"
                                        jcr:primaryType="nt:unstructured"
                                        name="primary"
                                        title="primary"
                                        type="object">
                                        <properties jcr:primaryType="nt:unstructured">
                                            <image
                                                fdm:bindRef="image"
                                                fdm:computed="{Boolean}false"
                                                fdm:metadataKey="{Boolean}false"
                                                fdm:nullable="{Boolean}true"
                                                fdm:primaryKey="{Boolean}false"
                                                fdm:protected="{Boolean}false"
                                                fdm:required="{Boolean}false"
                                                jcr:primaryType="nt:unstructured"
                                                format="byte"
                                                name="image"
                                                title="image"
                                                type="string"/>
                                        </properties>
                                    </primary>
                                </properties>
                            </photos>
                            <addresses
                                fdm:bindRef="addresses"
                                fdm:computed="{Boolean}false"
                                fdm:metadataKey="{Boolean}false"
                                fdm:nullable="{Boolean}true"
                                fdm:primaryKey="{Boolean}false"
                                fdm:protected="{Boolean}false"
                                fdm:required="{Boolean}false"
                                jcr:primaryType="nt:unstructured"
                                name="addresses"
                                title="addresses"
                                type="array">
                                <items
                                    fdm:binaryEntity="{Boolean}false"
                                    fdm:bindRef="addresses"
                                    fdm:defaultBinaryEntity="{Boolean}false"
                                    fdm:genericOperationAllowed="{Boolean}false"
                                    fdm:rootEntity="{Boolean}false"
                                    fdm:schemaName="DEFAULT_SCHEMA"
                                    jcr:primaryType="nt:unstructured"
                                    name="addresses"
                                    type="object">
                                    <links jcr:primaryType="nt:unstructured"/>
                                    <properties jcr:primaryType="nt:unstructured">
                                        <firstname
                                            fdm:bindRef="firstname"
                                            fdm:computed="{Boolean}false"
                                            fdm:metadataKey="{Boolean}false"
                                            fdm:nullable="{Boolean}true"
                                            fdm:primaryKey="{Boolean}false"
                                            fdm:protected="{Boolean}false"
                                            fdm:required="{Boolean}false"
                                            jcr:primaryType="nt:unstructured"
                                            name="firstname"
                                            title="firstname"
                                            type="string"/>
                                        <lastname
                                            fdm:bindRef="lastname"
                                            fdm:computed="{Boolean}false"
                                            fdm:metadataKey="{Boolean}false"
                                            fdm:nullable="{Boolean}true"
                                            fdm:primaryKey="{Boolean}false"
                                            fdm:protected="{Boolean}false"
                                            fdm:required="{Boolean}false"
                                            jcr:primaryType="nt:unstructured"
                                            name="lastname"
                                            title="lastname"
                                            type="string"/>
                                        <street1
                                            fdm:bindRef="street1"
                                            fdm:computed="{Boolean}false"
                                            fdm:metadataKey="{Boolean}false"
                                            fdm:nullable="{Boolean}true"
                                            fdm:primaryKey="{Boolean}false"
                                            fdm:protected="{Boolean}false"
                                            fdm:required="{Boolean}false"
                                            jcr:primaryType="nt:unstructured"
                                            name="street1"
                                            title="street1"
                                            type="string"/>
                                        <street2
                                            fdm:bindRef="street2"
                                            fdm:computed="{Boolean}false"
                                            fdm:metadataKey="{Boolean}false"
                                            fdm:nullable="{Boolean}true"
                                            fdm:primaryKey="{Boolean}false"
                                            fdm:protected="{Boolean}false"
                                            fdm:required="{Boolean}false"
                                            jcr:primaryType="nt:unstructured"
                                            name="street2"
                                            title="street2"
                                            type="string"/>
                                        <zip
                                            fdm:bindRef="zip"
                                            fdm:computed="{Boolean}false"
                                            fdm:metadataKey="{Boolean}false"
                                            fdm:nullable="{Boolean}true"
                                            fdm:primaryKey="{Boolean}false"
                                            fdm:protected="{Boolean}false"
                                            fdm:required="{Boolean}false"
                                            jcr:primaryType="nt:unstructured"
                                            name="zip"
                                            title="zip"
                                            type="string"/>
                                        <city
                                            fdm:bindRef="city"
                                            fdm:computed="{Boolean}false"
                                            fdm:metadataKey="{Boolean}false"
                                            fdm:nullable="{Boolean}true"
                                            fdm:primaryKey="{Boolean}false"
                                            fdm:protected="{Boolean}false"
                                            fdm:required="{Boolean}false"
                                            jcr:primaryType="nt:unstructured"
                                            name="city"
                                            title="city"
                                            type="string"/>
                                        <state
                                            fdm:bindRef="state"
                                            fdm:computed="{Boolean}false"
                                            fdm:metadataKey="{Boolean}false"
                                            fdm:nullable="{Boolean}true"
                                            fdm:primaryKey="{Boolean}false"
                                            fdm:protected="{Boolean}false"
                                            fdm:required="{Boolean}false"
                                            jcr:primaryType="nt:unstructured"
                                            name="state"
                                            title="state"
                                            type="string"/>
                                        <country
                                            fdm:bindRef="country"
                                            fdm:computed="{Boolean}false"
                                            fdm:metadataKey="{Boolean}false"
                                            fdm:nullable="{Boolean}true"
                                            fdm:primaryKey="{Boolean}false"
                                            fdm:protected="{Boolean}false"
                                            fdm:required="{Boolean}false"
                                            jcr:primaryType="nt:unstructured"
                                            name="country"
                                            title="country"
                                            type="string"/>
                                    </properties>
                                </items>
                            </addresses>
                        </properties>
                    </profile>
                </properties>
            </UserDetails>
        </definitions>
        <links jcr:primaryType="nt:unstructured">
            <getCurrentUserDetails
                fdm:source="source1"
                jcr:primaryType="nt:unstructured"
                description="Fetches user profile data"
                genericOperation="{Boolean}false"
                id="getCurrentUserDetails"
                method="GET"
                name="getCurrentUserDetails">
                <fdm:data jcr:primaryType="nt:unstructured"/>
                <targetSchema
                    fdm:bindRef="UserDetails"
                    fdm:computed="{Boolean}false"
                    fdm:metadataKey="{Boolean}false"
                    fdm:nullable="{Boolean}true"
                    fdm:primaryKey="{Boolean}false"
                    fdm:protected="{Boolean}false"
                    fdm:required="{Boolean}false"
                    jcr:primaryType="nt:unstructured"
                    _x0024_ref="UserDetails"
                    name="UserDetails"
                    type="object"/>
            </getCurrentUserDetails>
        </links>
        <properties jcr:primaryType="nt:unstructured">
            <UserDetails
                fdm:computed="{Boolean}false"
                fdm:nullable="{Boolean}true"
                fdm:protected="{Boolean}false"
                fdm:required="{Boolean}false"
                jcr:primaryType="nt:unstructured"
                _x0024_ref="UserDetails"
                name="UserDetails"/>
        </properties>
    </jcr:content>
</jcr:root>
