<?xml version="1.0" encoding="UTF-8"?>
<jcr:root xmlns:sling="http://sling.apache.org/jcr/sling/1.0" xmlns:cq="http://www.day.com/jcr/cq/1.0" xmlns:jcr="http://www.jcp.org/jcr/1.0" xmlns:rep="internal"
    jcr:mixinTypes="[rep:AccessControllable]"
    jcr:primaryType="sling:OrderedFolder">
    <language-masters/>
    <language-masters0/>
    <rep:policy/>
    <dam/>
    <campaigns/>
    <projects/>
    <experience-fragments/>
    <cq:tags/>
    <usergenerated/>
    <core-components-examples/>
    <launches/>
    <communities/>
    <sites/>
    <forms/>
    <catalogs/>
    <screens/>
    <community/>
    <community-components/>
    <we-retail/>
    <wknd-events/>
    <bootstrap-new-age/>
    <xfaforms/>
    <flamingo/>
    <apps/>
    <dover/>
    <dover1/>
    <dover11/>
    <DocumentServices/>
    <demofilesuploaded/>
    <ups/>
    <ups-intranet/>
    <AemForms/>
    <bofa/>
    <we-intranet/>
    <icPost/>
    <postIC/>
    <getprintchannel/>
    <OpenPrintChannel/>
    <we-health-insurance/>
    <truhl/>
    <wknd-mobile/>
    <we-retail-spa/>
    <EdibleA/>
    <parker/>
    <wknd/>
    <AemFormsSamples/>
</jcr:root>
