{"autoTags":[{"value":"red","confidence":0.7734013199806213,"isCustom":false},{"value":"christmas","confidence":0.7325295209884644,"isCustom":false},{"value":"background","confidence":0.705666720867157,"isCustom":false},{"value":"tree","confidence":0.6913878917694092,"isCustom":false},{"value":"design","confidence":0.6871777176856995,"isCustom":false},{"value":"white","confidence":0.6801995038986206,"isCustom":false},{"value":"illustration","confidence":0.6738996505737305,"isCustom":false},{"value":"holiday","confidence":0.6733307838439941,"isCustom":false},{"value":"sign","confidence":0.6699917912483215,"isCustom":false},{"value":"celebration","confidence":0.6693748831748962,"isCustom":false},{"value":"xmas","confidence":0.6690535545349121,"isCustom":false},{"value":"vector","confidence":0.653795063495636,"isCustom":false},{"value":"sale","confidence":0.6534009575843811,"isCustom":false},{"value":"symbol","confidence":0.6499760150909424,"isCustom":false},{"value":"business","confidence":0.6400293111801147,"isCustom":false},{"value":"abstract","confidence":0.6198369264602661,"isCustom":false},{"value":"new","confidence":0.6135247349739075,"isCustom":false},{"value":"year","confidence":0.611843466758728,"isCustom":false},{"value":"card","confidence":0.6037459969520569,"isCustom":false},{"value":"3d","confidence":0.5960171222686768,"isCustom":false},{"value":"graphic","confidence":0.5915413498878479,"isCustom":false},{"value":"decoration","confidence":0.590052604675293,"isCustom":false},{"value":"art","confidence":0.588051974773407,"isCustom":false},{"value":"concept","confidence":0.5872483849525452,"isCustom":false},{"value":"arrow","confidence":0.5756784081459045,"isCustom":false}]}
