<?xml version="1.0" encoding="UTF-8"?>
<jcr:root xmlns:sling="http://sling.apache.org/jcr/sling/1.0" xmlns:cq="http://www.day.com/jcr/cq/1.0" xmlns:jcr="http://www.jcp.org/jcr/1.0" xmlns:rep="internal"
    jcr:mixinTypes="[rep:AccessControllable]"
    jcr:primaryType="sling:OrderedFolder">
    <rep:policy/>
    <dam/>
    <campaigns/>
    <projects/>
    <experience-fragments/>
    <cq:tags/>
    <cq:graphql/>
    <usergenerated/>
    <launches/>
    <forms/>
    <screens/>
    <graphiql/>
    <wknd-pwa/>
    <wknd_site_0_0_9/>
    <tailwind_1_23_12/>
    <premera/>
    <adobekylechauprogram/>
    <wkndpwa/>
    <wknd-may16/>
    <dxml-components/>
    <wknd-0_0_9/>
</jcr:root>
